"STATUS","DISP_AREA","ADM0_CODE","ADM0_NAME","STR0_YEAR","EXP0_YEAR","Shape_Leng","Shape_Area","ADM1_CODE","ADM1_NAME","STR1_YEAR","EXP1_YEAR","EPPO_ADM"
"Member State","NO",204,"Russian Federation",NA,NA,38.5856657,19.7174327,2494,"Bashkortostan Rep.",1000,3000,"Central Russia"
"Member State","NO",204,"Russian Federation",NA,NA,11.0766253,2.5168585,2488,"Aginskiy Buryatskiy A. Okrug",1000,3000,"Eastern Siberia"
"Member State","NO",204,"Russian Federation",NA,NA,62.3403118,48.807413,2491,"Amurskaya Oblast",1000,3000,"Far East"
"Member State","NO",204,"Russian Federation",NA,NA,69.7883867,55.1915427,2492,"Arkhangelskaya Oblast",1000,3000,"Northern Rusia"
"Member State","NO",204,"Russian Federation",NA,NA,9.5994277,0.9035465,2487,"Adygeya Rep.",1000,3000,"Southern Russia"
"Member State","NO",204,"Russian Federation",NA,NA,23.17748,11.7620192,2489,"Altay Rep.",1000,3000,"Western Siberia"
"Member State","NO",170,"Mozambique",1000,3000,82.5633715,67.0589393,NA,NA,NA,NA,"Mozambique"
"Member State","NO",160,"Mauritius",1000,3000,5.2040942,0.1739921,NA,NA,NA,NA,"Mauritius"
"Member State","NO",152,"Malawi",1000,3000,26.9998997,9.9055668,NA,NA,NA,NA,"Malawi"
"FR Territory","NO",161,"Mayotte",1000,3000,2.4047446,0.0314987,NA,NA,NA,NA,"Mayotte"
"Member State","NO",205,"Rwanda",1000,3000,8.1270035,2.0638524,NA,NA,NA,NA,"Rwanda"
"Member State","NO",226,"Somalia",1000,3000,57.4751983,51.7666118,NA,NA,NA,NA,"Somalia"
"Member State","NO",270,"Zambia",1000,3000,54.1965706,62.7442808,NA,NA,NA,NA,"Zambia"
"Member State","NO",133,"Kenya",1000,3000,48.5494303,47.3457704,NA,NA,NA,NA,"Kenya"
"Member State","NO",150,"Madagascar",1000,3000,130.9597002,50.7177603,NA,NA,NA,NA,"Madagascar"
"FR Territory","NO",206,"R?union",1000,3000,2.3161229,0.2177527,NA,NA,NA,NA,"Reunion"
"Member State","NO",74,"South Sudan",2011,3000,46.9054306,51.5991664,NA,NA,NA,NA,"South Sudan"
"Member State","NO",220,"Seychelles",1000,3000,7.4345534,0.0408918,NA,NA,NA,NA,"Seychelles"
"Member State","NO",257,"United Republic of Tanzania",1000,3000,82.9506008,76.8602655,NA,NA,NA,NA,"Tanzania"
"Member State","NO",253,"Uganda",1000,3000,23.244416,19.6296736,NA,NA,NA,NA,"Uganda"
"Member State","NO",271,"Zimbabwe",1000,3000,28.1832453,33.5306895,NA,NA,NA,NA,"Zimbabwe"
"Sovereignty unsettled","YES",61013,"Ilemi triangle",1000,3000,2.8380408,0.2590982,NA,NA,NA,NA,"Ilemi triangle"
"Member State","NO",79,"Ethiopia",1000,3000,50.3801307,92.8692584,NA,NA,NA,NA,"Ethiopia"
"Member State","NO",77,"Eritrea",1000,3000,50.0057827,10.1679578,NA,NA,NA,NA,"Eritrea"
"Member State","NO",70,"Djibouti",1000,3000,9.7805755,1.797112,NA,NA,NA,NA,"Djibouti"
"Member State","NO",58,"Comoros",1000,3000,4.4078137,0.1370478,NA,NA,NA,NA,"Comoros"
"Member State","NO",43,"Burundi",1000,3000,9.1184594,2.1856517,NA,NA,NA,NA,"Burundi"
"Member State","NO",89,"Gabon",1000,3000,48.0993031,21.4566844,NA,NA,NA,NA,"Gabon"
"Member State","NO",76,"Equatorial Guinea",1000,3000,9.6118883,2.1945653,NA,NA,NA,NA,"Equatorial Guinea"
"Member State","NO",50,"Chad",1000,3000,55.8876653,106.6902005,NA,NA,NA,NA,"Chad"
"Member State","NO",214,"Sao Tome and Principe",1000,3000,2.6737023,0.0805058,NA,NA,NA,NA,"Sao Tome and Principe"
"Member State","NO",59,"Congo",1000,3000,42.5104572,27.6957881,NA,NA,NA,NA,"Congo"
"Member State","NO",68,"Democratic Republic of the Congo",1000,3000,98.9511774,189.9981073,NA,NA,NA,NA,"Congo, Democratic republic of the"
"Member State","NO",45,"Cameroon",1000,3000,53.6153046,38.0226767,NA,NA,NA,NA,"Cameroon"
"Member State","NO",49,"Central African Republic",1000,3000,49.6178005,50.680325,NA,NA,NA,NA,"Central African Republic"
"Member State","NO",8,"Angola",1000,3000,75.4516895,103.7558552,NA,NA,NA,NA,"Angola"
"Member State","NO",169,"Morocco",1000,3000,43.3599984,39.4713558,NA,NA,NA,NA,"Morocco"
"Sovereignty unsettled","YES",40760,"Hala'ib triangle",1000,3000,8.5105846,1.561432,NA,NA,NA,NA,"Hala'ib triangle"
"Member State","NO",145,"Libya",1000,3000,66.4975857,147.6465751,NA,NA,NA,NA,"Libya"
"Sovereignty unsettled","YES",40762,"Ma'tan al-Sarra",1000,3000,2.0626281,0.1739189,NA,NA,NA,NA,"Ma'tan al-Sarra"
"Member State","NO",6,"Sudan",2011,3000,81.9102421,155.8888017,NA,NA,NA,NA,"Sudan"
"Member State","NO",248,"Tunisia",1000,3000,37.5169856,15.1682325,NA,NA,NA,NA,"Tunisia"
"Non-Self-Governing Territory","NO",268,"Western Sahara",1000,3000,30.6767903,23.9705798,NA,NA,NA,NA,"Western Sahara"
"Member State","NO",40765,"Egypt",1000,3000,61.2511565,89.0791134,NA,NA,NA,NA,"Egypt"
"Member State","NO",4,"Algeria",1000,3000,81.2483907,212.6930968,NA,NA,NA,NA,"Algeria"
"Sovereignty unsettled","YES",102,"Abyei",2011,3000,3.6082813,0.8189485,NA,NA,NA,NA,"Abyei"
"Member State","NO",172,"Namibia",1000,3000,55.3228077,72.245525,NA,NA,NA,NA,"Namibia"
"Member State","NO",235,"Swaziland",1000,3000,5.1285576,1.5662385,NA,NA,NA,NA,"Swaziland"
"Member State","NO",142,"Lesotho",1000,3000,8.3937115,2.8356674,NA,NA,NA,NA,"Lesotho"
"Member State","NO",227,"South Africa",1000,3000,85.9586892,113.1316266,NA,NA,NA,NA,"South Africa"
"Member State","NO",35,"Botswana",1000,3000,37.8859068,50.6723842,NA,NA,NA,NA,"Botswana"
"UK Non-Self-Governing Territory","NO",207,"Saint Helena",1000,3000,2.6440281,0.0367684,NA,NA,NA,NA,"Saint Helena"
"Member State","NO",243,"Togo",1000,3000,16.103676,4.6632373,NA,NA,NA,NA,"Togo"
"Member State","NO",221,"Sierra Leone",1000,3000,29.8492467,5.9370449,NA,NA,NA,NA,"Sierra Leone"
"Member State","NO",217,"Senegal",1000,3000,55.1463041,16.4429069,NA,NA,NA,NA,"Senegal"
"Member State","NO",182,"Nigeria",1000,3000,68.2203754,74.9245897,NA,NA,NA,NA,"Nigeria"
"Member State","NO",181,"Niger",1000,3000,53.3817738,100.679977,NA,NA,NA,NA,"Niger"
"Member State","NO",159,"Mauritania",1000,3000,62.2121952,89.90863,NA,NA,NA,NA,"Mauritania"
"Member State","NO",155,"Mali",1000,3000,69.702309,106.5771976,NA,NA,NA,NA,"Mali"
"Member State","NO",144,"Liberia",1000,3000,19.3498776,7.8568664,NA,NA,NA,NA,"Liberia"
"Member State","NO",105,"Guinea-Bissau",1000,3000,114.4676673,2.5520957,NA,NA,NA,NA,"Guinea-Bissau"
"Member State","NO",90,"Gambia",1000,3000,8.078819,0.9350799,NA,NA,NA,NA,"Gambia"
"Member State","NO",106,"Guinea",1000,3000,67.1990138,20.0708618,NA,NA,NA,NA,"Guinea"
"Member State","NO",94,"Ghana",1000,3000,25.8872839,19.5958913,NA,NA,NA,NA,"Ghana"
"Member State","NO",47,"Cape Verde",1000,3000,9.0762309,0.3424116,NA,NA,NA,NA,"Cape Verde"
"Member State","NO",66,"C?te d'Ivoire",1000,3000,33.4287483,26.3759875,NA,NA,NA,NA,"C?te d'Ivoire"
"Member State","NO",42,"Burkina Faso",1000,3000,31.65568,22.7119697,NA,NA,NA,NA,"Burkina Faso"
"Member State","NO",29,"Benin",1000,3000,21.8282417,9.4972047,NA,NA,NA,NA,"Benin"
"Member State","NO",71,"Dominica",1000,3000,1.8411275,0.0632262,NA,NA,NA,NA,"Dominica"
"Member State","NO",72,"Dominican Republic",1000,3000,18.5838459,4.12448,NA,NA,NA,NA,"Dominican Republic"
"FR Territory","NO",158,"Martinique",1000,3000,4.2660932,0.0925914,NA,NA,NA,NA,"Martinique"
"UK Non-Self-Governing Territory","NO",48,"Cayman Islands",1000,3000,2.2170209,0.0230982,NA,NA,NA,NA,"Cayman Islands"
"NL Territory","NO",176,"Netherlands Antilles",1000,3000,4.586044,0.0657528,NA,NA,NA,NA,"Netherlands Antilles"
"Member State","NO",11,"Antigua and Barbuda",1000,3000,2.8589642,0.038453,NA,NA,NA,NA,"Antigua and Barbuda"
"Member State","NO",63,"Cuba",1000,3000,97.4558765,9.6723845,NA,NA,NA,NA,"Cuba"
"Member State","NO",99,"Grenada",1000,3000,1.7324373,0.0264331,NA,NA,NA,NA,"Grenada"
"Member State","NO",123,"Jamaica",1000,3000,8.4844066,0.9362473,NA,NA,NA,NA,"Jamaica"
"Member State","NO",208,"Saint Kitts and Nevis",1000,3000,1.1991165,0.0223027,NA,NA,NA,NA,"Saint Kitts and Nevis"
"UK Non-Self-Governing Territory","NO",168,"Montserrat",1000,3000,0.4239973,0.0085776,NA,NA,NA,NA,"Montserrat"
"UK Non-Self-Governing Territory","NO",251,"Turks and Caicos islands",1000,3000,6.9100885,0.0462392,NA,NA,NA,NA,"Turks and Caicos islands"
"Member State","NO",246,"Trinidad and Tobago",1000,3000,7.2507441,0.42477,NA,NA,NA,NA,"Trinidad and Tobago"
"Member State","NO",20,"Bahamas",1000,3000,159.5012364,1.058404,NA,NA,NA,NA,"Bahamas"
"Member State","NO",209,"Saint Lucia",1000,3000,1.9851821,0.0504101,NA,NA,NA,NA,"Saint Lucia"
"Member State","NO",211,"Saint Vincent and the Grenadines",1000,3000,3.2827289,0.0355705,NA,NA,NA,NA,"Saint Vincent and the Grenadines"
"UK Non-Self-Governing Territory","NO",39,"British Virgin Islands",1000,3000,3.3688831,0.0131923,NA,NA,NA,NA,"British Virgin Islands"
"Member State","NO",24,"Barbados",1000,3000,1.0123545,0.0361045,NA,NA,NA,NA,"Barbados"
"FR Territory","NO",100,"Guadeloupe",1000,3000,7.0134497,0.1434396,NA,NA,NA,NA,"Guadeloupe"
"Member State","NO",108,"Haiti",1000,3000,22.7068714,2.3177114,NA,NA,NA,NA,"Haiti"
"US Territory","NO",200,"Puerto Rico",1000,3000,12.6538067,0.7634177,NA,NA,NA,NA,"Puerto Rico"
"US Non-Self-Governing Territory","NO",258,"United States Virgin Islands",1000,3000,4.2370643,0.030054,NA,NA,NA,NA,"United States Virgin Islands"
"NL Self-Governing Territory","NO",14,"Aruba",1000,3000,1.0979031,0.0149497,NA,NA,NA,NA,"Aruba"
"Member State","NO",191,"Panama",1000,3000,76.5642039,6.1471143,NA,NA,NA,NA,"Panama"
"Member State","NO",75,"El Salvador",1000,3000,8.7613942,1.7325491,NA,NA,NA,NA,"El Salvador"
"Member State","NO",180,"Nicaragua",1000,3000,25.7098965,10.6915017,NA,NA,NA,NA,"Nicaragua"
"Member State","NO",162,"Mexico",1000,3000,335.4384688,173.46298,NA,NA,NA,NA,"Mexico"
"Member State","NO",111,"Honduras",1000,3000,37.8197015,9.4148736,NA,NA,NA,NA,"Honduras"
"Member State","NO",103,"Guatemala",1000,3000,19.6227969,9.1958673,NA,NA,NA,NA,"Guatemala"
"Member State","NO",61,"Costa Rica",1000,3000,28.5591782,4.2089128,NA,NA,NA,NA,"Costa Rica"
"Member State","NO",28,"Belize",1000,3000,25.1420059,1.8488781,NA,NA,NA,NA,"Belize"
"FR Territory","NO",210,"Saint Pierre et Miquelon",1000,3000,2.1368497,0.0275412,NA,NA,NA,NA,"Saint Pierre et Miquelon"
"US Territory","NO",134,"Kingman Reef",1000,3000,2.605932,0.0267864,NA,NA,NA,NA,"Kingman Reef"
"DK Self-Governing Territory","NO",98,"Greenland",1000,3000,1358.621544,662.8384843,NA,NA,NA,NA,"Greenland"
"UK Non-Self-Governing Territory","NO",30,"Bermuda",1000,3000,1.0772238,0.0060515,NA,NA,NA,NA,"Bermuda"
"Member State","NO",57,"Colombia",1000,3000,96.7458533,92.8064334,NA,NA,NA,NA,"Colombia"
"Member State","NO",107,"Guyana",1000,3000,29.7323453,17.2679845,NA,NA,NA,NA,"Guyana"
"Member State","NO",73,"Ecuador",1000,3000,68.9046365,20.8300036,NA,NA,NA,NA,"Ecuador"
"Member State","NO",86,"French Guiana",1000,3000,14.7221923,6.7832463,NA,NA,NA,NA,"French Guiana"
"Member State","NO",194,"Paraguay",1000,3000,35.5716599,35.2573789,NA,NA,NA,NA,"Paraguay"
"Member State","NO",233,"Suriname",1000,3000,20.9493812,11.8198666,NA,NA,NA,NA,"Suriname"
"Member State","NO",260,"Uruguay",1000,3000,21.9139766,17.1211522,NA,NA,NA,NA,"Uruguay"
"Member State","NO",263,"Venezuela",1000,3000,115.0445323,74.724458,NA,NA,NA,NA,"Venezuela"
"UK Non-Self-Governing Territory","NO",81,"Falkland Islands (Malvinas)",1000,3000,94.569177,1.5723961,NA,NA,NA,NA,"Falkland Islands (Islas Malvinas)"
"Member State","NO",195,"Peru",1000,3000,86.5141143,106.4847727,NA,NA,NA,NA,"Peru"
"UK Territory","NO",228,"South Georgia and the South Sandwich Islands",1000,3000,17.2966409,0.5393838,NA,NA,NA,NA,"South Georgia and the South Sandwich Islands"
"Member State","NO",51,"Chile",1000,3000,1167.7000261,78.7461465,NA,NA,NA,NA,"Chile"
"Member State","NO",33,"Bolivia",1000,3000,58.6607526,92.0060611,NA,NA,NA,NA,"Bolivia"
"Member State","NO",12,"Argentina",1000,3000,206.9355744,278.2891966,NA,NA,NA,NA,"Argentina"
"AU Territory","NO",109,"Heard Island and McDonald Islands",1000,3000,1.8910299,0.0553124,NA,NA,NA,NA,"Heard Island and McDonald Islands"
"FR Territory","NO",88,"French Southern and Antarctic Territories",1000,3000,42.320007,0.9483642,NA,NA,NA,NA,"French Southern and Antarctic Territories"
NA,"NO",10,"Antarctica",1000,3000,1648.3196241,6041.9657836,NA,NA,NA,NA,"Antarctica"
"Member State","NO",250,"Turkmenistan",1000,3000,48.2290258,57.9088355,NA,NA,NA,NA,"Turkmenistan"
"Member State","NO",261,"Uzbekistan",1000,3000,67.4218108,48.6957499,NA,NA,NA,NA,"Uzbekistan"
"Member State","NO",239,"Tajikistan",1000,3000,40.0971948,14.6719043,NA,NA,NA,NA,"Tajikistan"
"Member State","NO",138,"Kyrgyzstan",1000,3000,43.2762476,21.4710303,NA,NA,NA,NA,"Kyrgyzstan"
"Member State","NO",132,"Kazakhstan",1000,3000,148.1580144,343.064396,NA,NA,NA,NA,"Kazakhstan"
"Member State","NO",167,"Mongolia",1000,3000,88.1793392,184.6392273,NA,NA,NA,NA,"Mongolia"
"CN Province","NO",147296,"Taiwan",1000,3000,13.7517021,3.199821,NA,NA,NA,NA,"Taiwan"
"Member State","NO",202,"Republic of Korea",1000,3000,83.511462,9.9542209,NA,NA,NA,NA,"Korea, Republic"
"Member State","NO",67,"Dem People's Rep of Korea",1000,3000,46.4811777,12.9458063,NA,NA,NA,NA,"Korea Dem. People's Republic"
"Member State","NO",126,"Japan",1000,3000,219.2046073,38.1809703,NA,NA,NA,NA,"Japan"
"CN Special Administrative Region","NO",33364,"Hong Kong",1000,3000,6.4936091,0.094754,NA,NA,NA,NA,"Hong Kong"
"Sovereignty unsettled","YES",52,"China/India",1000,3000,6.0820786,0.3364503,NA,NA,NA,NA,"China/India"
"Sovereignty unsettled","YES",2,"Aksai Chin",1000,3000,10.7740064,3.0289502,NA,NA,NA,NA,"Aksai Chin"
"Member State","NO",171,"Myanmar",1000,3000,177.3084408,58.1128363,NA,NA,NA,NA,"Myanmar"
"Member State","NO",44,"Cambodia",1000,3000,29.2090975,15.1016265,NA,NA,NA,NA,"Cambodia"
"Member State","NO",264,"Viet Nam",1000,3000,92.4963171,27.8335091,NA,NA,NA,NA,"Viet Nam"
"Member State","NO",139,"Lao People's Democratic Republic",1000,3000,45.0941015,19.7232206,NA,NA,NA,NA,"Laos"
"Member State","NO",153,"Malaysia",1000,3000,87.9969479,26.8571264,NA,NA,NA,NA,"Malaysia"
"Member State","NO",240,"Thailand",1000,3000,94.7037078,43.4036363,NA,NA,NA,NA,"Thailand"
"Member State","NO",40,"Brunei Darussalam",1000,3000,6.1085282,0.4806937,NA,NA,NA,NA,"Brunei Darussalam"
"Member State","NO",196,"Philippines",1000,3000,241.1600524,24.6011352,NA,NA,NA,NA,"Philippines"
"Member State","NO",116,"Indonesia",1000,3000,722.0162338,153.794891,NA,NA,NA,NA,"Indonesia"
"Member State","NO",222,"Singapore",1000,3000,2.0384243,0.0482709,NA,NA,NA,NA,"Singapore"
"Member State","NO",242,"Timor-Leste",1000,3000,9.4217704,1.2239721,NA,NA,NA,NA,"East Timor"
"Member State","NO",175,"Nepal",1000,3000,28.9355063,13.5597472,NA,NA,NA,NA,"Nepal"
"Member State","NO",188,"Pakistan",1000,3000,108.5862814,73.3751334,NA,NA,NA,NA,"Pakistan"
"Member State","NO",117,"Iran  (Islamic Republic of)",1000,3000,98.3817626,161.6660224,NA,NA,NA,NA,"Iran"
"Sovereignty unsettled","YES",40781,"Jammu and Kashmir",1000,3000,28.4272841,18.2758739,NA,NA,NA,NA,"Jammu and Kashmir"
"Member State","NO",231,"Sri Lanka",1000,3000,21.995654,5.4232817,NA,NA,NA,NA,"Sri Lanka"
"Member State","NO",31,"Bhutan",1000,3000,10.5518504,3.4374009,NA,NA,NA,NA,"Bhutan"
"Member State","NO",23,"Bangladesh",1000,3000,92.2903164,12.3941298,NA,NA,NA,NA,"Bangladesh"
"Sovereignty unsettled","YES",15,"Arunachal Pradesh",1000,3000,18.8129403,6.2426764,NA,NA,NA,NA,"Arunachal Pradesh"
"Member State","NO",1,"Afghanistan",1000,3000,58.9880017,62.5548857,NA,NA,NA,NA,"Afghanistan"
"Member State","NO",187,"Oman",1000,3000,38.3853715,26.7321984,NA,NA,NA,NA,"Oman"
"Member State","NO",137,"Kuwait",1000,3000,10.3927508,1.6164887,NA,NA,NA,NA,"Kuwait"
"Occupied Palestinian Territory","NO",267,"West Bank",1000,3000,1.4740275,0.0075986,NA,NA,NA,NA,"West Bank"
"Occupied Palestinian Territory","NO",267,"West Bank",1000,3000,4.2519776,0.5515279,NA,NA,NA,NA,"West Bank"
"Member State","NO",141,"Lebanon",1000,3000,6.7216708,0.988214,NA,NA,NA,NA,"Lebanon"
"Member State","NO",201,"Qatar",1000,3000,8.1355765,1.0351174,NA,NA,NA,NA,"Qatar"
"Member State","NO",215,"Saudi Arabia",1000,3000,102.5212559,171.3545386,NA,NA,NA,NA,"Saudi Arabia"
"Member State","NO",249,"Turkey",1000,3000,97.5742858,81.3293435,NA,NA,NA,NA,"Turkey"
"Member State","NO",269,"Yemen",1000,3000,43.1484291,38.2885227,NA,NA,NA,NA,"Yemen"
"Occupied Palestinan Territory","NO",91,"Gaza Strip",1000,3000,1.0726952,0.0343743,NA,NA,NA,NA,"Gaza Strip"
"Member State","NO",118,"Iraq",1000,3000,37.4439668,42.1032063,NA,NA,NA,NA,"Iraq"
"Member State","NO",130,"Jordan",1000,3000,16.977924,8.4344576,NA,NA,NA,NA,"Jordan"
"Member State","NO",238,"Syrian Arab Republic",1000,3000,24.4891023,18.5832438,NA,NA,NA,NA,"Syria"
"Member State","NO",121,"Israel",1000,3000,11.8294701,1.9643387,NA,NA,NA,NA,"Israel"
"Member State","NO",92,"Georgia",1000,3000,19.9114134,7.6048279,NA,NA,NA,NA,"Georgia"
"Member State","NO",64,"Cyprus",1000,3000,8.6799068,0.913838,NA,NA,NA,NA,"Cyprus"
"Member State","NO",21,"Bahrain",1000,3000,2.7126195,0.0607156,NA,NA,NA,NA,"Bahrain"
"Member State","NO",19,"Azerbaijan",1000,3000,31.4018835,17.45512,NA,NA,NA,NA,"Azerbaijan"
"Member State","NO",13,"Armenia",1000,3000,14.2764228,3.1378314,NA,NA,NA,NA,"Armenia"
"Member State","NO",255,"United Arab Emirates",1000,3000,40.707452,6.3132212,NA,NA,NA,NA,"United Arab Emirates"
"Member State","NO",165,"Moldova, Republic of",1000,3000,17.4537618,4.0127479,NA,NA,NA,NA,"Moldova"
"Member State","NO",113,"Hungary",1000,3000,21.4245255,11.0478721,NA,NA,NA,NA,"Hungary"
"Member State","NO",198,"Poland",1000,3000,42.7118113,40.9483735,NA,NA,NA,NA,"Poland"
"Member State","NO",203,"Romania",1000,3000,31.646474,27.5842585,NA,NA,NA,NA,"Romania"
"Member State","NO",254,"Ukraine",1000,3000,91.3793406,73.8425611,NA,NA,NA,NA,"Ukraine"
"Member State","NO",26,"Belarus",1000,3000,36.6272976,28.1405066,NA,NA,NA,NA,"Belarus"
"Member State","NO",65,"Czech Republic",1000,3000,22.6020588,9.8348219,NA,NA,NA,NA,"Czech Republic"
"Sovereignty unsettled","YES",136,"Kuril islands",1000,3000,16.4034205,0.5674513,NA,NA,NA,NA,"Kuril islands"
"Member State","NO",223,"Slovakia",1000,3000,16.1247013,5.9957871,NA,NA,NA,NA,"Slovakia"
"Member State","NO",41,"Bulgaria",1000,3000,23.3481433,12.2416448,NA,NA,NA,NA,"Bulgaria"
"UK territory","NO",120,"Isle of Man",1000,3000,2.3356911,0.0788958,NA,NA,NA,NA,"Isle of Man"
"Member State","NO",186,"Norway",1000,3000,563.6634968,60.6113704,NA,NA,NA,NA,"Norway"
"UK Territory","NO",104,"Guernsey",1000,3000,1.8774079,0.0098617,NA,NA,NA,NA,"Guernsey"
"Member State","NO",236,"Sweden",1000,3000,192.2359677,79.0945637,NA,NA,NA,NA,"Sweden"
"DK Territory","NO",82,"Faroe Islands",1000,3000,15.952426,0.2402995,NA,NA,NA,NA,"Faroe Islands"
"Member State","NO",147,"Lithuania",1000,3000,19.0652984,9.1929351,NA,NA,NA,NA,"Lithuania"
"Member State","NO",140,"Latvia",1000,3000,20.8708436,9.503453,NA,NA,NA,NA,"Latvia"
"NO Territory","NO",234,"Svalbard and Jan Mayen Islands",1000,3000,171.0596075,26.2761068,NA,NA,NA,NA,"Svalbard and Jan Mayen Islands"
"Member State","NO",119,"Ireland",1000,3000,74.1991293,9.3835461,NA,NA,NA,NA,"Ireland"
"Member State","NO",114,"Iceland",1000,3000,98.5194907,19.4944912,NA,NA,NA,NA,"Iceland"
"UK Territory","NO",128,"Jersey",1000,3000,1.1722668,0.0148112,NA,NA,NA,NA,"Jersey"
"Member State","NO",256,"U.K. of Great Britain and Northern Ireland",1000,3000,212.390018,33.6234245,NA,NA,NA,NA,"United Kingdom"
"Member State","NO",84,"Finland",1000,3000,169.9592656,62.9126727,NA,NA,NA,NA,"Finland"
"Member State","NO",78,"Estonia",1000,3000,60.9746622,7.0311062,NA,NA,NA,NA,"Estonia"
"Member State","NO",69,"Denmark",1000,3000,61.0013032,6.3980189,NA,NA,NA,NA,"Denmark"
"PT Territory","NO",151,"Madeira Islands",1000,3000,3.2546525,0.0772396,NA,NA,NA,NA,"Madeira Islands"
"Member State","NO",241,"The former Yugoslav Republic of Macedonia",1000,3000,9.011776,2.745841,NA,NA,NA,NA,"Macedonia"
"Member State","NO",2647,"Montenegro",2006,3000,9.4539183,1.5156363,NA,NA,NA,NA,"Montenegro"
"Member State","NO",62,"Croatia",1000,3000,65.0384252,6.462588,NA,NA,NA,NA,"Croatia"
"Member State","NO",156,"Malta",1000,3000,2.5171515,0.0315581,NA,NA,NA,NA,"Malta"
"Member State","NO",213,"San Marino",1000,3000,0.3576067,0.0067312,NA,NA,NA,NA,"San Marino"
"Member State","NO",224,"Slovenia",1000,3000,11.7200252,2.3653457,NA,NA,NA,NA,"Slovenia"
"Member State","NO",97,"Greece",1000,3000,132.1441201,13.7972438,NA,NA,NA,NA,"Greece"
"Member State","NO",122,"Italy",1000,3000,91.360444,33.2250714,NA,NA,NA,NA,"Italy"
"Member State","NO",199,"Portugal",1000,3000,27.0478693,9.3206026,NA,NA,NA,NA,"Portugal"
"Member State","NO",2648,"Serbia",2006,3000,24.9093263,9.9347311,NA,NA,NA,NA,"Serbia"
"Member State","NO",229,"Spain",1000,3000,80.3582941,53.5643904,NA,NA,NA,NA,"Spain"
"Member State","NO",34,"Bosnia and Herzegovina",1000,3000,15.8500488,5.7557704,NA,NA,NA,NA,"Bosnia and Herzegovina"
"PT Territory","NO",74578,"Azores Islands",1000,3000,9.3937115,0.239397,NA,NA,NA,NA,"Azores Islands"
"Member State","NO",7,"Andorra",1000,3000,1.0605699,0.0520217,NA,NA,NA,NA,"Andorra"
"Member State","NO",3,"Albania",1000,3000,13.4942868,3.0763647,NA,NA,NA,NA,"Albania"
"Member State","NO",177,"Netherlands",1000,3000,31.8915425,4.6327649,NA,NA,NA,NA,"Netherlands"
"Member State","NO",148,"Luxembourg",1000,3000,3.3857421,0.327136,NA,NA,NA,NA,"Luxembourg"
"Member State","NO",146,"Liechtenstein",1000,3000,0.6776633,0.0179005,NA,NA,NA,NA,"Liechtenstein"
"Member State","NO",85,"France",1000,3000,91.4877026,64.4312553,NA,NA,NA,NA,"France"
"Member State","NO",93,"Germany",1000,3000,79.7534054,45.8756543,NA,NA,NA,NA,"Germany"
"Member State","NO",237,"Switzerland",1000,3000,18.1093758,4.8622631,NA,NA,NA,NA,"Switzerland"
"Member State","NO",27,"Belgium",1000,3000,14.8181039,3.8976387,NA,NA,NA,NA,"Belgium"
"Member State","NO",18,"Austria",1000,3000,26.0290866,10.0407879,NA,NA,NA,NA,"Austria"
"Member State","NO",179,"New Zealand",1000,3000,127.6925164,29.3423191,NA,NA,NA,NA,"New Zealand"
"AU Territory","NO",54,"Christmas Island",1000,3000,0.6553344,0.0112142,NA,NA,NA,NA,"Christmas Island"
"Member State","NO",192,"Papua New Guinea",1000,3000,162.6166537,37.8055901,NA,NA,NA,NA,"Papua New Guinea"
"Member State","NO",262,"Vanuatu",1000,3000,30.3346486,1.0345012,NA,NA,NA,NA,"Vanuatu"
"Member State","NO",225,"Solomon Islands",1000,3000,82.6609224,2.3236893,NA,NA,NA,NA,"Solomon Islands"
"FR Non-Self-Governing Territory","NO",178,"New Caledonia",1000,3000,35.7230002,1.6169396,NA,NA,NA,NA,"New Caledonia"
"Member State","NO",83,"Fiji",1000,3000,35.5798121,1.5560658,NA,NA,NA,NA,"Fiji"
"US Non-Self-Governing Territory","NO",101,"Guam",1000,3000,2.0877943,0.0453975,NA,NA,NA,NA,"Guam"
"US Territory","NO",185,"Northern Mariana Islands",1000,3000,3.6543872,0.0401673,NA,NA,NA,NA,"Northern Mariana Islands"
"Member State","NO",189,"Palau",1000,3000,8.277054,0.0369293,NA,NA,NA,NA,"Palau"
"Member State","NO",163,"Micronesia (Federated States of)",1000,3000,17.2473414,0.0605957,NA,NA,NA,NA,"Micronesia (Federated States of)"
"Member State","NO",135,"Kiribati",1000,3000,19.3851289,0.0829544,NA,NA,NA,NA,"Kiribati"
"Member State","NO",212,"Samoa",1000,3000,4.9192059,0.2369549,NA,NA,NA,NA,"Samoa"
"Member State","NO",245,"Tonga",1000,3000,8.3721601,0.0603955,NA,NA,NA,NA,"Tonga"
"NZ Territory","NO",60,"Cook Islands",1000,3000,4.782196,0.0208339,NA,NA,NA,NA,"Cook Islands"
"UK Non-Self-Governing Territory","NO",197,"Pitcairn",1000,3000,0.7123115,0.004358,NA,NA,NA,NA,"Pitcairn"
"FR Territory","NO",266,"Wallis and Futuna",1000,3000,1.3171444,0.0118327,NA,NA,NA,NA,"Wallis and Futuna"
"US Non-Self-Governing Territory","NO",5,"American Samoa",1000,3000,2.0117191,0.0167469,NA,NA,NA,NA,"American Samoa"
"NZ Territory","NO",183,"Niue",1000,3000,0.6473514,0.0226084,NA,NA,NA,NA,"Niue"
"FR Territory","NO",87,"French Polynesia",1000,3000,88.5333063,0.3349042,NA,NA,NA,NA,"French Polynesia"
"Member State","NO",259,"United States of America",NA,NA,20.8617801,12.8892338,3214,"Alabama",1000,3000,"Alabama"
"Member State","NO",259,"United States of America",NA,NA,1112.7642226,279.8835937,3215,"Alaska",1000,3000,"Alaska"
"Member State","NO",259,"United States of America",NA,NA,23.882668,28.9274535,3216,"Arizona",1000,3000,"Arizona"
"Member State","NO",259,"United States of America",NA,NA,22.0951777,13.5853783,3217,"Arkansas",1000,3000,"Arkansas"
"Member State","NO",259,"United States of America",NA,NA,66.0416254,41.6303932,3218,"California",1000,3000,"California"
"Member State","NO",259,"United States of America",NA,NA,22.0254875,28.0395078,3219,"Colorado",1000,3000,"Colorado"
"Member State","NO",259,"United States of America",NA,NA,11.8312055,1.3902579,3220,"Connecticut",1000,3000,"Connecticut"
"Member State","NO",259,"United States of America",NA,NA,8.1152246,0.5308297,3221,"Delaware",1000,3000,"Delaware"
"Member State","NO",259,"United States of America",NA,NA,0.6840296,0.0183792,3222,"District of Columbia",1000,3000,"District of Columbia"
"Member State","NO",259,"United States of America",NA,NA,197.8867179,13.7109568,3223,"Florida",1000,3000,"Florida"
"Member State","NO",259,"United States of America",NA,NA,39.3971944,14.5844505,3224,"Georgia",1000,3000,"Georgia"
"Member State","NO",259,"United States of America",NA,NA,17.2847553,1.4426193,3225,"Hawaii",1000,3000,"Hawaii"
"Member State","NO",259,"United States of America",NA,NA,31.1655527,24.4578129,3226,"Idaho",1000,3000,"Idaho"
"Member State","NO",259,"United States of America",NA,NA,22.5194198,15.4080815,3227,"Illinois",1000,3000,"Illinois"
"Member State","NO",259,"United States of America",NA,NA,17.4607852,9.8734582,3228,"Indiana",1000,3000,"Indiana"
"Member State","NO",259,"United States of America",NA,NA,20.7719523,15.8575816,3229,"Iowa",1000,3000,"Iowa"
"Member State","NO",259,"United States of America",NA,NA,21.4259503,22.0047163,3230,"Kansas",1000,3000,"Kansas"
"Member State","NO",259,"United States of America",NA,NA,22.8444978,10.6681531,3231,"Kentucky",1000,3000,"Kentucky"
"Member State","NO",259,"United States of America",NA,NA,150.2266079,11.1723936,3232,"Louisiana",1000,3000,"Louisiana"
"Member State","NO",259,"United States of America",NA,NA,80.9405507,9.6766245,3233,"Maine",1000,3000,"Maine"
"Member State","NO",259,"United States of America",NA,NA,63.4455633,2.7147675,3234,"Maryland",1000,3000,"Maryland"
"Member State","NO",259,"United States of America",NA,NA,33.4027957,2.2876394,3235,"Massachusetts",1000,3000,"Massachusetts"
"Member State","NO",259,"United States of America",NA,NA,75.7736708,17.0204707,3236,"Michigan",1000,3000,"Michigan"
"Member State","NO",259,"United States of America",NA,NA,36.1097517,25.5159939,3237,"Minnesota",1000,3000,"Minnesota"
"Member State","NO",259,"United States of America",NA,NA,26.3104724,11.8887587,3238,"Mississippi",1000,3000,"Mississippi"
"Member State","NO",259,"United States of America",NA,NA,24.9237047,18.6149967,3239,"Missouri",1000,3000,"Missouri"
"Member State","NO",259,"United States of America",NA,NA,36.6380304,45.0568544,3240,"Montana",1000,3000,"Montana"
"Member State","NO",259,"United States of America",NA,NA,24.2540394,21.6138431,3241,"Nebraska",1000,3000,"Nebraska"
"Member State","NO",259,"United States of America",NA,NA,23.8779545,29.9403588,3242,"Nevada",1000,3000,"Nevada"
"Member State","NO",259,"United States of America",NA,NA,9.8071981,2.6838123,3243,"New Hampshire",1000,3000,"New Hampshire"
"Member State","NO",259,"United States of America",NA,NA,50.1301291,2.0531449,3244,"New Jersey",1000,3000,"New Jersey"
"Member State","NO",259,"United States of America",NA,NA,23.6901031,30.898747,3245,"New Mexico",1000,3000,"New Mexico"
"Member State","NO",259,"United States of America",NA,NA,62.2580041,13.8760487,3246,"New York",1000,3000,"New York"
"Member State","NO",259,"United States of America",NA,NA,68.2596232,12.8076453,3247,"North Carolina",1000,3000,"North Carolina"
"Member State","NO",259,"United States of America",NA,NA,25.1583352,21.8071507,3248,"North Dakota",1000,3000,"North Dakota"
"Member State","NO",259,"United States of America",NA,NA,21.0410699,11.3191312,3249,"Ohio",1000,3000,"Ohio"
"Member State","NO",259,"United States of America",NA,NA,27.5145716,18.0050392,3250,"Oklahoma",1000,3000,"Oklahoma"
"Member State","NO",259,"United States of America",NA,NA,35.6576442,28.1566544,3251,"Oregon",1000,3000,"Oregon"
"Member State","NO",259,"United States of America",NA,NA,18.0390414,12.5328695,3252,"Pennsylvania",1000,3000,"Pennsylvania"
"Member State","NO",259,"United States of America",NA,NA,8.2477248,0.304661,3253,"Rhode Island",1000,3000,"Rhode Island"
"Member State","NO",259,"United States of America",NA,NA,17.8080109,7.8534128,3254,"South Carolina",1000,3000,"South Carolina"
"Member State","NO",259,"United States of America",NA,NA,23.8765061,22.5784681,3255,"South Dakota",1000,3000,"South Dakota"
"Member State","NO",259,"United States of America",NA,NA,22.6059575,10.8895452,3256,"Tennessee",1000,3000,"Tennessee"
"Member State","NO",259,"United States of America",NA,NA,139.9973331,65.1713348,3257,"Texas",1000,3000,"Texas"
"Member State","NO",259,"United States of America",NA,NA,20.0059084,22.9748903,3258,"Utah",1000,3000,"Utah"
"Member State","NO",259,"United States of America",NA,NA,9.8650863,2.7784481,3259,"Vermont",1000,3000,"Vermont"
"Member State","NO",259,"United States of America",NA,NA,88.1481831,10.5604867,3260,"Virginia",1000,3000,"Virginia"
"Member State","NO",259,"United States of America",NA,NA,68.4583782,20.8451918,3261,"Washington",1000,3000,"Washington"
"Member State","NO",259,"United States of America",NA,NA,20.7420577,6.4938701,3262,"West Virginia",1000,3000,"West Virginia"
"Member State","NO",259,"United States of America",NA,NA,33.0243347,16.4844035,3263,"Wisconsin",1000,3000,"Wisconsin"
"Member State","NO",259,"United States of America",NA,NA,22.0017399,27.9717046,3264,"Wyoming",1000,3000,"Wyoming"
"Member State","NO",46,"Canada",NA,NA,44.5934248,93.6215279,825,"Alberta",1000,3000,"Alberta"
"Member State","NO",46,"Canada",NA,NA,507.5687616,132.4606851,826,"British Columbia / Colombie-Britannique",1000,3000,"British Columbia"
"Member State","NO",46,"Canada",NA,NA,55.8627654,91.1822448,827,"Manitoba",1000,3000,"Manitoba"
"Member State","NO",46,"Canada",NA,NA,45.4803033,8.5686765,828,"New Brunswick / Nouveau-Brunswick",1000,3000,"New Brunswick"
"Member State","NO",46,"Canada",NA,NA,560.4839706,54.3491885,829,"Newfoundland and Labrador / Terre-Neuve-et-Labrador",1000,3000,"Newfoundland"
"Member State","NO",46,"Canada",NA,NA,602.9777803,271.1676667,830,"Northwest Territories / Territoires du Nord-Ouest",1999,3000,"Northwest Territories"
"Member State","NO",46,"Canada",NA,NA,121.4713777,6.3424376,831,"Nova Scotia / Nouvelle-?cosse",1000,3000,"Nova Scotia"
"Member State","NO",46,"Canada",NA,NA,3590.6180635,520.4302765,832,"Nunavut",1999,3000,"Nunavut"
"Member State","NO",46,"Canada",NA,NA,269.1698171,125.3504651,833,"Ontario",1000,3000,"Ontario"
"Member State","NO",46,"Canada",NA,NA,25.9296307,0.6712749,834,"Prince Edward Island / ?le-du-Prince-?douard",1000,3000,"Prince Edward Island"
"Member State","NO",46,"Canada",NA,NA,485.9626492,204.3124144,835,"Quebec / Qu?bec",1000,3000,"Quebec"
"Member State","NO",46,"Canada",NA,NA,39.3222071,90.4661571,836,"Saskatchewan",1000,3000,"Saskatchewan"
"Member State","NO",46,"Canada",NA,NA,69.0107848,87.5588814,837,"Yukon",1000,3000,"Yukon Territory"
"Member State","NO",37,"Brazil",NA,NA,21.6819084,12.5582663,665,"Acre",1000,3000,"Acre"
"Member State","NO",37,"Brazil",NA,NA,10.7417881,2.2899179,666,"Alagoas",1000,3000,"Alagoas"
"Member State","NO",37,"Brazil",NA,NA,28.9393383,11.4220834,667,"Amapa",1000,3000,"Amapa"
"Member State","NO",37,"Brazil",NA,NA,74.0554637,128.0197066,668,"Amazonas",1000,3000,"Amazonas"
"Member State","NO",37,"Brazil",NA,NA,71.4929888,46.867029,669,"Bahia",1000,3000,"Bahia"
"Member State","NO",37,"Brazil",NA,NA,19.8918358,12.0058035,670,"Ceara",1000,3000,"Ceara"
"Member State","NO",37,"Brazil",NA,NA,3.3935183,0.4893963,671,"Distrito Federal",1000,3000,"Distrito Federal"
"Member State","NO",37,"Brazil",NA,NA,17.3464342,3.9607492,672,"Espirito Santo",1000,3000,"Espirito Santo"
"Member State","NO",37,"Brazil",NA,NA,44.6746174,28.7329183,673,"Goias",1000,3000,"Goias"
"Member State","NO",37,"Brazil",NA,NA,85.7110836,26.8016634,674,"Maranhao",1000,3000,"Maranhao"
"Member State","NO",37,"Brazil",NA,NA,54.2659353,75.3203796,675,"Mato Grosso",1000,3000,"Mato Grosso"
"Member State","NO",37,"Brazil",NA,NA,33.4228809,30.8990219,676,"Mato Grosso Do Sul",1000,3000,"Mato Grosso Do Sul"
"Member State","NO",37,"Brazil",NA,NA,56.4570343,50.1978403,677,"Minas Gerais",1000,3000,"Minas Gerais"
"Member State","NO",37,"Brazil",NA,NA,124.1741772,101.0086466,678,"Para",1000,3000,"Para"
"Member State","NO",37,"Brazil",NA,NA,19.2433943,4.6135201,679,"Paraiba",1000,3000,"Paraiba"
"Member State","NO",37,"Brazil",NA,NA,36.5521787,17.7096001,680,"Parana",1000,3000,"Parana"
"Member State","NO",37,"Brazil",NA,NA,27.5275984,8.0852829,681,"Pernambuco",1000,3000,"Pernambuco"
"Member State","NO",37,"Brazil",NA,NA,29.3975485,20.6999387,682,"Piaui",1000,3000,"Piaui"
"Member State","NO",37,"Brazil",NA,NA,30.2102126,3.8309727,683,"Rio De Janeiro",1000,3000,"Rio De Janeiro"
"Member State","NO",37,"Brazil",NA,NA,16.8424559,4.3268054,684,"Rio Grande Do Norte",1000,3000,"Rio Grande Do Norte"
"Member State","NO",37,"Brazil",NA,NA,45.823933,25.3690014,685,"Rio Grande Do Sul",1000,3000,"Rio Grande Do Sul"
"Member State","NO",37,"Brazil",NA,NA,29.9191017,19.6732923,686,"Rondonia",1000,3000,"Rondonia"
"Member State","NO",37,"Brazil",NA,NA,29.7522534,18.193075,687,"Roraima",1000,3000,"Roraima"
"Member State","NO",37,"Brazil",NA,NA,35.1269856,8.6620889,688,"Santa Catarina",1000,3000,"Santa Catarina"
"Member State","NO",37,"Brazil",NA,NA,45.2533786,21.7351811,689,"Sao Paulo",1000,3000,"Sao Paulo"
"Member State","NO",37,"Brazil",NA,NA,8.497701,1.8137095,690,"Sergipe",1000,3000,"Sergipe"
"Member State","NO",37,"Brazil",NA,NA,37.72012,22.8890538,691,"Tocantins",1000,3000,"Tocantins"
"Member State","NO",147295,"China",NA,NA,24.7073972,13.3501226,898,"Anhui Sheng",1000,3000,"Anhui"
"Member State","NO",147295,"China",NA,NA,7.1616212,1.7380813,899,"Beijing Shi",1000,3000,"Beijing"
"Member State","NO",147295,"China",NA,NA,21.8188946,7.6748687,900,"Chongqing Shi",1000,3000,"Chongqing"
"Member State","NO",147295,"China",NA,NA,47.4209878,11.0237961,901,"Fujian Sheng",1000,3000,"Fujian"
"Member State","NO",147295,"China",NA,NA,69.0005494,41.53235,902,"Gansu Sheng",1000,3000,"Gansu"
"Member State","NO",147295,"China",NA,NA,63.2815618,15.6595675,903,"Guangdong Sheng",1000,3000,"Guangdong"
"Member State","NO",147295,"China",NA,NA,37.8973127,20.9861887,904,"Guangxi Zhuangzu Zizhiqu",1000,3000,"Guangxi"
"Member State","NO",147295,"China",NA,NA,27.5045428,15.8803421,905,"Guizhou Sheng",1000,3000,"Guizhou"
"Member State","NO",147295,"China",NA,NA,13.3666342,2.9043246,906,"Hainan Sheng",1000,3000,"Hainan"
"Member State","NO",147295,"China",NA,NA,42.2961035,19.6979753,907,"Hebei Sheng",1000,3000,"Hebei"
"Member State","NO",147295,"China",NA,NA,62.1748418,53.9231663,908,"Heilongjiang Sheng",1000,3000,"Heilongjiang"
"Member State","NO",147295,"China",NA,NA,26.8144827,16.2064518,909,"Henan Sheng",1000,3000,"Henan"
"Member State","NO",147295,"China",NA,NA,27.9140173,17.5672075,911,"Hubei Sheng",1000,3000,"Hubei"
"Member State","NO",147295,"China",NA,NA,26.7709492,19.2898995,912,"Hunan Sheng",1000,3000,"Hunan"
"Member State","NO",147295,"China",NA,NA,27.4484141,9.4818074,913,"Jiangsu Sheng",1000,3000,"Jiangsu"
"Member State","NO",147295,"China",NA,NA,23.0058303,15.3617486,914,"Jiangxi Sheng",1000,3000,"Jiangxi"
"Member State","NO",147295,"China",NA,NA,38.993994,21.4006429,915,"Jilin Sheng",1000,3000,"Jilin"
"Member State","NO",147295,"China",NA,NA,38.8236283,15.793947,916,"Liaoning Sheng",1000,3000,"Liaoning"
"Member State","NO",147295,"China",NA,NA,120.87232,129.6226687,917,"Nei Mongol Zizhiqu",1000,3000,"Nei Mongol"
"Member State","NO",147295,"China",NA,NA,15.5080244,5.3099513,918,"Ningxia Huizu Zizhiqu",1000,3000,"Ningxia"
"Member State","NO",147295,"China",NA,NA,52.7455363,71.1926863,919,"Qinghai Sheng",1000,3000,"Qinghai"
"Member State","NO",147295,"China",NA,NA,33.9616798,20.3470231,920,"Shaanxi Sheng",1000,3000,"Shaanxi"
"Member State","NO",147295,"China",NA,NA,37.4767132,15.5566908,921,"Shandong Sheng",1000,3000,"Shandong"
"Member State","NO",147295,"China",NA,NA,6.3862057,0.5933347,922,"Shanghai Shi",1000,3000,"Shanghai"
"Member State","NO",147295,"China",NA,NA,22.6860339,15.8182689,923,"Shanxi Sheng",1000,3000,"Shanxi"
"Member State","NO",147295,"China",NA,NA,51.195488,45.5315571,924,"Sichuan Sheng",1000,3000,"Sichuan"
"Member State","NO",147295,"China",NA,NA,6.2703082,1.2603461,926,"Tianjin Shi",1000,3000,"Tianjin"
"Member State","NO",147295,"China",NA,NA,81.4494046,172.6420068,927,"Xinjiang Uygur Zizhiqu",1000,3000,"Xinjiang"
"Member State","NO",147295,"China",NA,NA,74.6352257,107.145217,928,"Xizang Zizhiqu",1000,3000,"Xizang"
"Member State","NO",147295,"China",NA,NA,55.5106379,34.2923627,929,"Yunnan Sheng",1000,3000,"Yunnan"
"Member State","NO",147295,"China",NA,NA,47.2114121,9.4994197,930,"Zhejiang Sheng",1000,3000,"Zhejiang"
"Member State","NO",115,"India",NA,NA,28.7514881,0.6229344,1484,"Andaman and Nicobar",1000,3000,"Andaman and Nicobar"
"Member State","NO",115,"India",NA,NA,66.833522,23.2690088,1485,"Andhra Pradesh",1000,3000,"Andhra Pradesh"
"Member State","NO",115,"India",NA,NA,27.6059211,7.0370857,1487,"Assam",1000,3000,"Assam"
"Member State","NO",115,"India",NA,NA,2.0644305,0.1386351,1489,"Delhi",1000,3000,"Delhi"
"Member State","NO",115,"India",NA,NA,5.3106333,0.309065,1490,"Goa",1000,3000,"Goa"
"Member State","NO",115,"India",NA,NA,112.4216541,14.8837107,1491,"Gujarat",1000,3000,"Gujarat"
"Member State","NO",115,"India",NA,NA,21.694242,4.0845185,1492,"Haryana",1000,3000,"Haryana"
"Member State","NO",115,"India",NA,NA,14.2651709,5.2062953,1493,"Himachal Pradesh",1000,3000,"Himachal Pradesh"
"Member State","NO",115,"India",NA,NA,42.8948194,16.0664216,1494,"Karnataka",1000,3000,"Karnataka"
"Member State","NO",115,"India",NA,NA,21.5340119,3.1258959,1495,"Kerala",1000,3000,"Kerala"
"Member State","NO",115,"India",NA,NA,61.9774351,26.4257456,1498,"Maharashtra",1000,3000,"Maharashtra"
"Member State","NO",115,"India",NA,NA,8.0062765,1.9925646,1500,"Manipur",1000,3000,"Manipur"
"Member State","NO",115,"India",NA,NA,10.7000179,2.0275815,1501,"Meghalaya",1000,3000,"Meghalaya"
"Member State","NO",115,"India",NA,NA,8.8182594,1.8701116,1502,"Mizoram",1000,3000,"Mizoram"
"Member State","NO",115,"India",NA,NA,8.592102,1.4865209,1503,"Nagaland",1000,3000,"Nagaland"
"Member State","NO",115,"India",NA,NA,38.1179474,13.479183,1504,"Orissa",1000,3000,"Orissa"
"Member State","NO",115,"India",NA,NA,15.4216253,4.7146918,1505,"Punjab",1000,3000,"Punjab"
"Member State","NO",115,"India",NA,NA,48.9439906,30.9981803,1506,"Rajasthan",1000,3000,"Rajasthan"
"Member State","NO",115,"India",NA,NA,4.0385411,0.6540429,1507,"Sikkim",1000,3000,"Sikkim"
"Member State","NO",115,"India",NA,NA,29.5723978,10.7787236,1508,"Tamil Nadu",1000,3000,"Tamil Nadu"
"Member State","NO",115,"India",NA,NA,6.8310569,0.9344156,1509,"Tripura",1000,3000,"Tripura"
"Member State","NO",115,"India",NA,NA,67.5120081,7.589259,1511,"West Bengal",1000,3000,"West Bengal"
"Member State","NO",115,"India",NA,NA,12.5166297,1.3896143,70072,"Arunachal Pradesh",1000,3000,"Arunachal Pradesh"
"Member State","NO",115,"India",NA,NA,25.9911913,8.4781767,70073,"Bihar",2001,3000,"Bihar"
"Member State","NO",115,"India",NA,NA,0.5141042,0.0111255,70074,"Chandigarh",1000,3000,"Chandigarh"
"Member State","NO",115,"India",NA,NA,28.8865577,11.7900867,70075,"Chhattisgarh",2001,3000,"Chhattisgarh"
"Member State","NO",115,"India",NA,NA,1.6769379,0.0424781,70076,"Dadra and Nagar Haveli",1000,3000,"Dadra and Nagar Haveli"
"Member State","NO",115,"India",NA,NA,2.1978652,0.0483535,70077,"Daman and Diu",1000,3000,"Daman and Diu"
"Member State","NO",115,"India",NA,NA,26.6734953,7.0842924,70078,"Jharkhand",2001,3000,"Jharkhand"
"Member State","NO",115,"India",NA,NA,62.3735892,27.2469186,70079,"Madhya Pradesh",2001,3000,"Madhya Pradesh"
"Member State","NO",115,"India",NA,NA,3.6905088,0.0454795,70080,"Puducherry",1000,3000,"Puducherry"
"Member State","NO",115,"India",NA,NA,52.1244513,21.8848125,70081,"Uttar Pradesh",2001,3000,"Uttar Pradesh"
"Member State","NO",115,"India",NA,NA,14.1978503,4.8846343,70082,"Uttarakhand",2001,3000,"Uttarakhand"
"Member State","NO",17,"Australia",NA,NA,3.0268092,0.2342085,468,"Australian Capital Territory",1000,3000,"Australian Capital Territory"
"Member State","NO",17,"Australia",NA,NA,81.2079707,76.6100106,470,"New South Wales",1000,3000,"New South Wales"
"Member State","NO",17,"Australia",NA,NA,122.2021137,116.228446,471,"Northern Territory",1000,3000,"Northern Territory"
"Member State","NO",17,"Australia",NA,NA,0.6854846,0.0067068,472,"Other Territories",1000,3000,"Other Territories"
"Member State","NO",17,"Australia",NA,NA,150.1443868,152.2767732,473,"Queensland",1000,3000,"Queensland"
"Member State","NO",17,"Australia",NA,NA,81.7898648,92.2154797,474,"South Australia",1000,3000,"South Australia"
"Member State","NO",17,"Australia",NA,NA,77.9923559,7.3847574,475,"Tasmania",1000,3000,"Tasmania"
"Member State","NO",17,"Australia",NA,NA,51.6105568,22.989274,476,"Victoria",1000,3000,"Victoria"
"Member State","NO",17,"Australia",NA,NA,221.7491804,227.6182069,477,"Western Australia",1000,3000,"Western Australia"
